[{"model": "ac.configtemplate", "pk": 1, "fields": {"template_name": "config_template 001", "template_active": true, "template": "# Config Name: {{ config_name }}\r\n# created at {{ creation_date }}\r\n# created by {{ author }}\r\n\r\n[SERVER]\r\nNAME={{ server_name }}\r\nCARS={{ cars }}\r\nTRACK={{ track }}\r\nCONFIG_TRACK={{ config_track }}\r\nSUN_ANGLE={{ sun_angle }}\r\nMAX_CLIENTS={{ max_clients }}\r\nRACE_OVER_TIME={{ race_over_time }}\r\nALLOWED_TYRES_OUT={{ allowed_tyres_out }}\r\nUDP_PORT={{ udp_tcp_port }}\r\nTCP_PORT={{ udp_tcp_port }}\r\nHTTP_PORT={{ http_port }}\r\nPASSWORD={{ password }}\r\nLOOP_MODE={{ loop_mode }}\r\nREGISTER_TO_LOBBY={{ register_to_lobby }}\r\nPICKUP_MODE_ENABLED={{ pickup_mode_enabled }}\r\nSLEEP_TIME={{ sleep_timer }}\r\nVOTING_QUORUM={{ voting_quorum }}\r\nVOTE_DURATION={{ vote_duration }}\r\nBLACKLIST_MODE={{ blacklist_mode }}\r\nTC_ALLOWED={{ tc_allowed }}\r\nABS_ALLOWED={{ abs_allowed }}\r\nSTABILITY_ALLOWED={{ stability_allowed }}\r\nAUTOCLUTCH_ALLOWED={{ autoclutch_allowed }}\r\nDAMAGE_MULTIPLIER={{ damage_multiplier }}\r\nFUEL_RATE={{ fuel_rate }}\r\nTYRE_WEAR_RATE={{ tyre_wear_rate }}\r\nCLIENT_SEND_INTERVAL_HZ={{ client_send_interval_hz }}\r\nTYRE_BLANKETS_ALLOWED={{ tyre_blankets_allowed }}\r\nADMIN_PASSWORD={{ admin_password }}\r\nQUALIFY_MAX_WAIT_PERC={{ qualify_max_wait_perc }}\r\nWELCOME_MESSAGE={{ welcome_message }}\r\nSTART_RULE={{ start_rule }}\r\nNUM_THREADS={{ num_threads }}\r\nFORCE_VIRTUAL_MIRROR={{ force_virtual_mirror }}\r\nLEGAL_TYRES={{ legal_tyre }}\r\nMAX_BALLAST_KG={{ max_ballast_kg }}\r\nUDP_PLUGIN_LOCAL_PORT={{ udp_plugin_local_port }}\r\nUDP_PLUGIN_ADDRESS={{ udp_plugin_address }}\r\nAUTH_PLUGIN_ADDRESS={{ auth_plugin_address }}\r\nRACE_GAS_PENALTY_DISABLED={{ race_gas_penalty_disabled }}\r\nRESULT_SCREEN_TIME={{ result_screen_time }}\r\nRACE_EXTRA_LAP={{ race_extra_lap }}\r\nLOCKED_ENTRY_LIST={{ locked_entry_list }}\r\nRACE_PIT_WINDOW_START={{ race_pit_window_start }}\r\nRACE_PIT_WINDOW_END={{ race_pit_window_end }}\r\nREVERSED_GRID_RACE_POSITIONS={{ reversed_grid_race_positions }}\r\nTIME_OF_DAY_MULT={{ time_of_day_mult }}\r\n{% if dyn_track is True %}\r\n[DYNAMIC_TRACK]\r\nSESSION_START={{ dyn_track_session_start }}\r\nRANDOMNESS={{ dyn_track_randomness }}\r\nLAP_GAIN={{ dyn_track_lap_gain }}\r\nSESSION_TRANSFER={{ dyn_track_session_transfer }}\r\n{% endif %}\r\n{% if booking is True %}\r\n[BOOK]\r\nNAME={{ book_name }}\r\nTIME={{ book_time }}\r\n{% endif %}\r\n{% if practice is True %}\r\n[PRACTICE]\r\nNAME={{ practice_name }}\r\nTIME={{ practice_time }}\r\nIS_OPEN={{ practice_is_open }}\r\n{% endif %}\r\n{% if qualify is True %}\r\n[QUALIFY]\r\nNAME={{ qualify_name }}\r\nTIME={{ qualify_time }}\r\nIS_OPEN={{ qualify_is_open }}\r\n{% endif %}\r\n[RACE]\r\nNAME={{ race_name }}\r\nLAPS={{ race_laps }}\r\nTIME={{ race_time }}\r\nWAIT_TIME={{ race_wait_time }}\r\nIS_OPEN={{ race_is_open }}\r\n[WEATHER_0]\r\nGRAPHICS={{ weather_graphics }}\r\nBASE_TEMPERATURE_AMBIENT={{ weather_base_temperature_ambient }}\r\nVARIATION_AMBIENT={{ weather_variation_ambient }}\r\nBASE_TEMPERATURE_ROAD={{ weather_base_temperature_road }}\r\nVARIATION_ROAD={{ weather_variation_road }}\r\nWIND_BASE_SPEED_MIN={{ wind_base_speed_min }}\r\nWIND_BASE_SPEED_MAX={{ wind_base_speed_max }}\r\nWIND_BASE_DIRECTION={{ wind_base_direction }}\r\nWIND_VARIATION_DIRECTION={{ wind_variation_direction }}", "config_folder": "./cfg/", "server_folder": "/opt/steam/assetto", "server_exec": "acServer", "creation_date": "2017-05-31T12:21:00.357Z"}}, {"model": "ac.configtemplate", "pk": 3, "fields": {"template_name": "temp", "template_active": false, "template": "[SERVER]\r\nNAME={{ server_name }}\r\nCARS={{ cars }}\r\nTRACK={{ track }}\r\nCONFIG_TRACK={{ config_track }}\r\nSUN_ANGLE={{ sun_angle }}\r\nMAX_CLIENTS={{ max_client }}\r\nRACE_OVER_TIME={{ race_over_time }}\r\nALLOWED_TYRES_OUT={{ allowed_tyre_out }}\r\nUDP_PORT={{ udp_port }}\r\nTCP_PORT={{ tcp_port }}\r\nHTTP_PORT={{ http_port }}\r\nPASSWORD={{ password }}\r\nLOOP_MODE={{ loop_mode }}\r\nREGISTER_TO_LOBBY={{ register_to_lobby }}\r\nPICKUP_MODE_ENABLED={{ pickup_mode_enabled }}\r\nSLEEP_TIME={{ sleep_time }}\r\nVOTING_QUORUM={{ voting_quorum }}\r\nVOTE_DURATION={{ vote_duration }}\r\nBLACKLIST_MODE={{ blacklist_mode }}\r\nTC_ALLOWED={{ tc_allowed }}\r\nABS_ALLOWED={{ abs_allowed }}\r\nSTABILITY_ALLOWED={{ stability_allowed }}\r\nAUTOCLUTCH_ALLOWED={{ autoclutch_allowed }}\r\nDAMAGE_MULTIPLIER={{ damage_multiplier }}\r\nFUEL_RATE={{ fuel_rate }}\r\nTYRE_WEAR_RATE={{ tyre_wear_rate }}\r\nCLIENT_SEND_INTERVAL_HZ={{ client_send_interval_hz }}\r\nTYRE_BLANKETS_ALLOWED={{ tyre_blankets_allowed }}\r\n\r\nADMIN_PASSWORD={{ admin_password }}\r\nQUALIFY_MAX_WAIT_PERC={{ qualify_max_wait_perc }}\r\nWELCOME_MESSAGE={{ welcome_message }}\r\n\r\nSTART_RULE={{ start_rule }}\r\nNUM_THREADS={{ num_threads }}\r\n\r\nFORCE_VIRTUAL_MIRROR={{ force_virtual_mirror }}\r\nLEGAL_TYRES={{ legal_tyres }}\r\nMAX_BALLAST_KG={{ max_ballast_kg }}\r\nUDP_PLUGIN_LOCAL_PORT={{ udp_plugin_local_port }}\r\nUDP_PLUGIN_ADDRESS={{ udp_plugin_address }}\r\nAUTH_PLUGIN_ADDRESS={{ auth_plugin_address }}\r\nRACE_GAS_PENALTY_DISABLED={{ race_gas_penalty_disabled }}\r\nRESULT_SCREEN_TIME={{ result_screen_time }}\r\nRACE_EXTRA_LAP={{ race_extra_lap }}\r\n\r\nLOCKED_ENTRY_LIST={{ locked_entry_list }}\r\nRACE_PIT_WINDOW_START={{ race_pit_window_start }}\r\nRACE_PIT_WINDOW_END={{ race_pit_window_end }}\r\nREVERSED_GRID_RACE_POSITIONS={{ reversed_grid_race_positions }}\r\n\r\nTIME_OF_DAY_MULT={{ time_of_day_mult }}\r\n\r\n{% if dyn_track is True %}\r\n[DYNAMIC_TRACK]\r\nSESSION_START={{ dyn_session_start }}\r\nRANDOMNESS={{ dyn_randomness }}\r\nLAP_GAIN={{ dyn_lap_gain }}\r\nSESSION_TRANSFER={{ dyn_session_transfer }}\r\n{% endif %}\r\n\r\n{% if booking is True %}\r\n[BOOK]\r\nNAME={{ book_name }}\r\nTIME={{ book_time }}\r\n{% endif %}\r\n\r\n{% if practice is True %}\r\n[PRACTICE]\r\nNAME={{ practice_name }}\r\nTIME={{ practice_time }}\r\nIS_OPEN={{ practice_is_open }}\r\n{% endif %}\r\n\r\n{% if qualify is True %}\r\n[QUALIFY]\r\nNAME={{ qualify_name }}\r\nTIME={{ qualify_time }}\r\nIS_OPEN={{ qualify_is_open }}\r\n{% endif %}\r\n\r\n[RACE]\r\nNAME={{ race_name }}\r\nLAPS={{ race_laps }}\r\nTIME={{ race_time }}\r\nWAIT_TIME={{ race_wait_time }}\r\nIS_OPEN={{ race_is_open }}\r\n\r\n[WEATHER_0]\r\nGRAPHICS={{ weather_graphics }}\r\nBASE_TEMPERATURE_AMBIENT={{ weather_base_temperature_ambient }}\r\nVARIATION_AMBIENT={{ weather_variation_ambient }}\r\nBASE_TEMPERATURE_ROAD={{ weather_base_temperature_road }}\r\nVARIATION_ROAD={{ weather_variation_road }}\r\n\r\nWIND_BASE_SPEED_MIN={{ wind_base_speed_min }}\r\nWIND_BASE_SPEED_MAX={{ wind_base_speed_max }}\r\nWIND_BASE_DIRECTION={{ wind_base_direction }}\r\nWIND_VARIATION_DIRECTION={{ wind_variation_direction }}", "config_folder": "/path/to/assettocorsa", "server_folder": "/path/to/assettocorsa/", "server_exec": "acServer", "creation_date": "2017-05-31T12:22:07.361Z"}}, {"model": "ac.car", "pk": 1, "fields": {"car": "ferrari_458"}}, {"model": "ac.car", "pk": 2, "fields": {"car": "ferrari_458_gt2"}}, {"model": "ac.car", "pk": 3, "fields": {"car": "abarth500"}}, {"model": "ac.car", "pk": 4, "fields": {"car": "abarth500_s1"}}, {"model": "ac.car", "pk": 5, "fields": {"car": "alfa_romeo_giulietta_qv"}}, {"model": "ac.car", "pk": 6, "fields": {"car": "alfa_romeo_giulietta_qv_le"}}, {"model": "ac.car", "pk": 7, "fields": {"car": "bmw_1m"}}, {"model": "ac.car", "pk": 8, "fields": {"car": "bmw_1m_s3"}}, {"model": "ac.car", "pk": 9, "fields": {"car": "bmw_m3_e30"}}, {"model": "ac.car", "pk": 10, "fields": {"car": "bmw_m3_e30_drift"}}, {"model": "ac.car", "pk": 11, "fields": {"car": "bmw_m3_e30_dtm"}}, {"model": "ac.car", "pk": 12, "fields": {"car": "bmw_m3_e30_gra"}}, {"model": "ac.car", "pk": 13, "fields": {"car": "bmw_m3_e30_s1"}}, {"model": "ac.car", "pk": 14, "fields": {"car": "bmw_m3_e92"}}, {"model": "ac.car", "pk": 15, "fields": {"car": "bmw_m3_e92_drift"}}, {"model": "ac.car", "pk": 16, "fields": {"car": "bmw_m3_e92_s1"}}, {"model": "ac.car", "pk": 17, "fields": {"car": "bmw_m3_gt2"}}, {"model": "ac.car", "pk": 18, "fields": {"car": "bmw_z4"}}, {"model": "ac.car", "pk": 19, "fields": {"car": "bmw_z4_drift"}}, {"model": "ac.car", "pk": 20, "fields": {"car": "bmw_z4_gt3"}}, {"model": "ac.car", "pk": 21, "fields": {"car": "bmw_z4_s1"}}, {"model": "ac.car", "pk": 22, "fields": {"car": "ferrari_312t"}}, {"model": "ac.car", "pk": 23, "fields": {"car": "ferrari_458_s3"}}, {"model": "ac.car", "pk": 24, "fields": {"car": "ferrari_599xxevo"}}, {"model": "ac.car", "pk": 25, "fields": {"car": "ferrari_f40"}}, {"model": "ac.car", "pk": 26, "fields": {"car": "ferrari_f40_s3"}}, {"model": "ac.car", "pk": 27, "fields": {"car": "ferrari_laferrari"}}, {"model": "ac.car", "pk": 28, "fields": {"car": "ks_abarth500_assetto_corse"}}, {"model": "ac.car", "pk": 29, "fields": {"car": "ks_abarth_595ss"}}, {"model": "ac.car", "pk": 30, "fields": {"car": "ks_abarth_595ss_s1"}}, {"model": "ac.car", "pk": 31, "fields": {"car": "ks_abarth_595ss_s2"}}, {"model": "ac.car", "pk": 32, "fields": {"car": "ks_alfa_mito_qv"}}, {"model": "ac.car", "pk": 33, "fields": {"car": "ks_alfa_romeo_155_v6"}}, {"model": "ac.car", "pk": 34, "fields": {"car": "ks_alfa_romeo_4c"}}, {"model": "ac.car", "pk": 35, "fields": {"car": "ks_alfa_romeo_gta"}}, {"model": "ac.car", "pk": 36, "fields": {"car": "ks_audi_a1s1"}}, {"model": "ac.car", "pk": 37, "fields": {"car": "ks_audi_r18_etron_quattro"}}, {"model": "ac.car", "pk": 38, "fields": {"car": "ks_audi_r8_lms"}}, {"model": "ac.car", "pk": 39, "fields": {"car": "ks_audi_r8_lms_2016"}}, {"model": "ac.car", "pk": 40, "fields": {"car": "ks_audi_r8_plus"}}, {"model": "ac.car", "pk": 41, "fields": {"car": "ks_audi_sport_quattro"}}, {"model": "ac.car", "pk": 42, "fields": {"car": "ks_audi_sport_quattro_rally"}}, {"model": "ac.car", "pk": 43, "fields": {"car": "ks_audi_sport_quattro_s1"}}, {"model": "ac.car", "pk": 44, "fields": {"car": "ks_audi_tt_cup"}}, {"model": "ac.car", "pk": 45, "fields": {"car": "ks_audi_tt_vln"}}, {"model": "ac.car", "pk": 46, "fields": {"car": "ks_bmw_m235i_racing"}}, {"model": "ac.car", "pk": 47, "fields": {"car": "ks_bmw_m4"}}, {"model": "ac.car", "pk": 48, "fields": {"car": "ks_bmw_m4_akrapovic"}}, {"model": "ac.car", "pk": 49, "fields": {"car": "ks_corvette_c7r"}}, {"model": "ac.car", "pk": 50, "fields": {"car": "ks_corvette_c7_stingray"}}, {"model": "ac.car", "pk": 51, "fields": {"car": "ks_ferrari_488_gt3"}}, {"model": "ac.car", "pk": 52, "fields": {"car": "ks_ferrari_488_gtb"}}, {"model": "ac.car", "pk": 53, "fields": {"car": "ks_ferrari_f138"}}, {"model": "ac.car", "pk": 54, "fields": {"car": "ks_ferrari_fxx_k"}}, {"model": "ac.car", "pk": 55, "fields": {"car": "ks_ferrari_sf15t"}}, {"model": "ac.car", "pk": 56, "fields": {"car": "ks_ford_escort_mk1"}}, {"model": "ac.car", "pk": 57, "fields": {"car": "ks_ford_gt40"}}, {"model": "ac.car", "pk": 58, "fields": {"car": "ks_ford_mustang_2015"}}, {"model": "ac.car", "pk": 59, "fields": {"car": "ks_glickenhaus_scg003"}}, {"model": "ac.car", "pk": 60, "fields": {"car": "ks_lamborghini_aventador_sv"}}, {"model": "ac.car", "pk": 61, "fields": {"car": "ks_lamborghini_countach"}}, {"model": "ac.car", "pk": 62, "fields": {"car": "ks_lamborghini_countach_s1"}}, {"model": "ac.car", "pk": 63, "fields": {"car": "ks_lamborghini_gallardo_sl"}}, {"model": "ac.car", "pk": 64, "fields": {"car": "ks_lamborghini_gallardo_sl_s3"}}, {"model": "ac.car", "pk": 65, "fields": {"car": "ks_lamborghini_huracan_gt3"}}, {"model": "ac.car", "pk": 66, "fields": {"car": "ks_lamborghini_huracan_st"}}, {"model": "ac.car", "pk": 67, "fields": {"car": "ks_lamborghini_miura_sv"}}, {"model": "ac.car", "pk": 68, "fields": {"car": "ks_lotus_25"}}, {"model": "ac.car", "pk": 69, "fields": {"car": "ks_lotus_3_eleven"}}, {"model": "ac.car", "pk": 70, "fields": {"car": "ks_lotus_72d"}}, {"model": "ac.car", "pk": 71, "fields": {"car": "ks_maserati_250f_12cyl"}}, {"model": "ac.car", "pk": 72, "fields": {"car": "ks_maserati_250f_6cyl"}}, {"model": "ac.car", "pk": 73, "fields": {"car": "ks_maserati_gt_mc_gt4"}}, {"model": "ac.car", "pk": 74, "fields": {"car": "ks_maserati_levante"}}, {"model": "ac.car", "pk": 75, "fields": {"car": "ks_maserati_mc12_gt1"}}, {"model": "ac.car", "pk": 76, "fields": {"car": "ks_mazda_787b"}}, {"model": "ac.car", "pk": 77, "fields": {"car": "ks_mazda_miata"}}, {"model": "ac.car", "pk": 78, "fields": {"car": "ks_mazda_mx5_cup"}}, {"model": "ac.car", "pk": 79, "fields": {"car": "ks_mazda_mx5_nd"}}, {"model": "ac.car", "pk": 80, "fields": {"car": "ks_mazda_rx7_spirit_r"}}, {"model": "ac.car", "pk": 81, "fields": {"car": "ks_mazda_rx7_tuned"}}, {"model": "ac.car", "pk": 82, "fields": {"car": "ks_mclaren_570s"}}, {"model": "ac.car", "pk": 83, "fields": {"car": "ks_mclaren_650_gt3"}}, {"model": "ac.car", "pk": 84, "fields": {"car": "ks_mclaren_f1_gtr"}}, {"model": "ac.car", "pk": 85, "fields": {"car": "ks_mclaren_p1"}}, {"model": "ac.car", "pk": 86, "fields": {"car": "ks_mclaren_p1_gtr"}}, {"model": "ac.car", "pk": 87, "fields": {"car": "ks_mercedes_190_evo2"}}, {"model": "ac.car", "pk": 88, "fields": {"car": "ks_mercedes_amg_gt3"}}, {"model": "ac.car", "pk": 89, "fields": {"car": "ks_mercedes_c9"}}, {"model": "ac.car", "pk": 90, "fields": {"car": "ks_nissan_370z"}}, {"model": "ac.car", "pk": 91, "fields": {"car": "ks_nissan_gtr"}}, {"model": "ac.car", "pk": 92, "fields": {"car": "ks_nissan_gtr_gt3"}}, {"model": "ac.car", "pk": 93, "fields": {"car": "ks_nissan_skyline_r34"}}, {"model": "ac.car", "pk": 94, "fields": {"car": "ks_porsche_718_boxster_s"}}, {"model": "ac.car", "pk": 95, "fields": {"car": "ks_porsche_718_boxster_s_pdk"}}, {"model": "ac.car", "pk": 96, "fields": {"car": "ks_porsche_718_cayman_s"}}, {"model": "ac.car", "pk": 97, "fields": {"car": "ks_porsche_718_spyder_rs"}}, {"model": "ac.car", "pk": 98, "fields": {"car": "ks_porsche_908_lh"}}, {"model": "ac.car", "pk": 99, "fields": {"car": "ks_porsche_911_carrera_rsr"}}, {"model": "ac.car", "pk": 100, "fields": {"car": "ks_porsche_911_gt1"}}, {"model": "ac.car", "pk": 101, "fields": {"car": "ks_porsche_911_gt3_cup_2017"}}, {"model": "ac.car", "pk": 102, "fields": {"car": "ks_porsche_911_gt3_r_2016"}}, {"model": "ac.car", "pk": 103, "fields": {"car": "ks_porsche_911_gt3_rs"}}, {"model": "ac.car", "pk": 104, "fields": {"car": "ks_porsche_911_r"}}, {"model": "ac.car", "pk": 105, "fields": {"car": "ks_porsche_911_rsr_2017"}}, {"model": "ac.car", "pk": 106, "fields": {"car": "ks_porsche_917_30"}}, {"model": "ac.car", "pk": 107, "fields": {"car": "ks_porsche_917_k"}}, {"model": "ac.car", "pk": 108, "fields": {"car": "ks_porsche_918_spyder"}}, {"model": "ac.car", "pk": 109, "fields": {"car": "ks_porsche_919_hybrid_2015"}}, {"model": "ac.car", "pk": 110, "fields": {"car": "ks_porsche_919_hybrid_2016"}}, {"model": "ac.car", "pk": 111, "fields": {"car": "ks_porsche_935_78_moby_dick"}}, {"model": "ac.car", "pk": 112, "fields": {"car": "ks_porsche_962c_longtail"}}, {"model": "ac.car", "pk": 113, "fields": {"car": "ks_porsche_962c_shorttail"}}, {"model": "ac.car", "pk": 114, "fields": {"car": "ks_porsche_991_carrera_s"}}, {"model": "ac.car", "pk": 115, "fields": {"car": "ks_porsche_991_turbo_s"}}, {"model": "ac.car", "pk": 116, "fields": {"car": "ks_porsche_cayenne"}}, {"model": "ac.car", "pk": 117, "fields": {"car": "ks_porsche_cayman_gt4_clubsport"}}, {"model": "ac.car", "pk": 118, "fields": {"car": "ks_porsche_cayman_gt4_std"}}, {"model": "ac.car", "pk": 119, "fields": {"car": "ks_porsche_macan"}}, {"model": "ac.car", "pk": 120, "fields": {"car": "ks_porsche_panamera"}}, {"model": "ac.car", "pk": 121, "fields": {"car": "ks_praga_r1"}}, {"model": "ac.car", "pk": 122, "fields": {"car": "ks_ruf_rt12r"}}, {"model": "ac.car", "pk": 123, "fields": {"car": "ks_ruf_rt12r_awd"}}, {"model": "ac.car", "pk": 124, "fields": {"car": "ks_toyota_ae86"}}, {"model": "ac.car", "pk": 125, "fields": {"car": "ks_toyota_ae86_drift"}}, {"model": "ac.car", "pk": 126, "fields": {"car": "ks_toyota_ae86_tuned"}}, {"model": "ac.car", "pk": 127, "fields": {"car": "ks_toyota_celica_st185"}}, {"model": "ac.car", "pk": 128, "fields": {"car": "ks_toyota_gt86"}}, {"model": "ac.car", "pk": 129, "fields": {"car": "ks_toyota_supra_mkiv"}}, {"model": "ac.car", "pk": 130, "fields": {"car": "ks_toyota_supra_mkiv_drift"}}, {"model": "ac.car", "pk": 131, "fields": {"car": "ks_toyota_supra_mkiv_tuned"}}, {"model": "ac.car", "pk": 132, "fields": {"car": "ks_toyota_ts040"}}, {"model": "ac.car", "pk": 133, "fields": {"car": "ktm_xbow_r"}}, {"model": "ac.car", "pk": 134, "fields": {"car": "lotus_2_eleven"}}, {"model": "ac.car", "pk": 135, "fields": {"car": "lotus_2_eleven_gt4"}}, {"model": "ac.car", "pk": 136, "fields": {"car": "lotus_49"}}, {"model": "ac.car", "pk": 137, "fields": {"car": "lotus_98t"}}, {"model": "ac.car", "pk": 138, "fields": {"car": "lotus_elise_sc"}}, {"model": "ac.car", "pk": 139, "fields": {"car": "lotus_elise_sc_s1"}}, {"model": "ac.car", "pk": 140, "fields": {"car": "lotus_elise_sc_s2"}}, {"model": "ac.car", "pk": 141, "fields": {"car": "lotus_evora_gtc"}}, {"model": "ac.car", "pk": 142, "fields": {"car": "lotus_evora_gte"}}, {"model": "ac.car", "pk": 143, "fields": {"car": "lotus_evora_gte_carbon"}}, {"model": "ac.car", "pk": 144, "fields": {"car": "lotus_evora_gx"}}, {"model": "ac.car", "pk": 145, "fields": {"car": "lotus_evora_s"}}, {"model": "ac.car", "pk": 146, "fields": {"car": "lotus_evora_s_s2"}}, {"model": "ac.car", "pk": 147, "fields": {"car": "lotus_exige_240"}}, {"model": "ac.car", "pk": 148, "fields": {"car": "lotus_exige_240_s3"}}, {"model": "ac.car", "pk": 149, "fields": {"car": "lotus_exige_s"}}, {"model": "ac.car", "pk": 150, "fields": {"car": "lotus_exige_scura"}}, {"model": "ac.car", "pk": 151, "fields": {"car": "lotus_exige_s_roadster"}}, {"model": "ac.car", "pk": 152, "fields": {"car": "lotus_exige_v6_cup"}}, {"model": "ac.car", "pk": 153, "fields": {"car": "lotus_exos_125"}}, {"model": "ac.car", "pk": 154, "fields": {"car": "lotus_exos_125_s1"}}, {"model": "ac.car", "pk": 155, "fields": {"car": "mclaren_mp412c"}}, {"model": "ac.car", "pk": 156, "fields": {"car": "mclaren_mp412c_gt3"}}, {"model": "ac.car", "pk": 157, "fields": {"car": "mercedes_sls"}}, {"model": "ac.car", "pk": 158, "fields": {"car": "mercedes_sls_gt3"}}, {"model": "ac.car", "pk": 159, "fields": {"car": "p4-5_2011"}}, {"model": "ac.car", "pk": 160, "fields": {"car": "pagani_huayra"}}, {"model": "ac.car", "pk": 161, "fields": {"car": "pagani_zonda_r"}}, {"model": "ac.car", "pk": 162, "fields": {"car": "ruf_yellowbird"}}, {"model": "ac.car", "pk": 163, "fields": {"car": "shelby_cobra_427sc"}}, {"model": "ac.car", "pk": 164, "fields": {"car": "tatuusfa1"}}, {"model": "ac.carclass", "pk": 1, "fields": {"class_name": "GT3", "cars": [20, 38, 39, 51, 59, 65, 83, 88, 92, 101, 102, 103, 156, 158]}}, {"model": "ac.carclass", "pk": 2, "fields": {"class_name": "abarth", "cars": [3, 4, 28, 29, 30, 31]}}, {"model": "ac.tracklist", "pk": 1, "fields": {"track_name": "Brands Hatch GP", "track": "ks_brands_hatch", "track_config": "gp"}}, {"model": "ac.tracklist", "pk": 2, "fields": {"track_name": "Brands Hatch Indy", "track": "ks_brands_hatch", "track_config": "indy"}}, {"model": "ac.tracklist", "pk": 3, "fields": {"track_name": "Black Cat County International", "track": "ks_black_cat_county", "track_config": "layout_int"}}, {"model": "ac.tracklist", "pk": 4, "fields": {"track_name": "Black Cat County Long", "track": "ks_black_cat_county", "track_config": "layout_long"}}, {"model": "ac.tracklist", "pk": 5, "fields": {"track_name": "Black Cat County Short", "track": "ks_black_cat_county", "track_config": "layout_short"}}, {"model": "ac.tracklist", "pk": 6, "fields": {"track_name": "Barcelona GP", "track": "ks_barcelona", "track_config": "layout_gp"}}, {"model": "ac.tracklist", "pk": 7, "fields": {"track_name": "Barcelona Moto", "track": "ks_barcelona", "track_config": "layout_moto"}}, {"model": "ac.tracklist", "pk": 8, "fields": {"track_name": "Drift", "track": "drift", "track_config": ""}}, {"model": "ac.tracklist", "pk": 9, "fields": {"track_name": "Imola", "track": "imola", "track_config": ""}}, {"model": "ac.tracklist", "pk": 10, "fields": {"track_name": "Drag200", "track": "ks_drag", "track_config": "drag200"}}, {"model": "ac.tracklist", "pk": 11, "fields": {"track_name": "Drag400", "track": "ks_drag", "track_config": "drag400"}}, {"model": "ac.tracklist", "pk": 12, "fields": {"track_name": "Drag500", "track": "ks_drag", "track_config": "drag500"}}, {"model": "ac.tracklist", "pk": 13, "fields": {"track_name": "Drag1000", "track": "ks_drag", "track_config": "drag1000"}}, {"model": "ac.tracklist", "pk": 14, "fields": {"track_name": "Drag2000", "track": "ks_drag", "track_config": "drag2000"}}, {"model": "ac.tracklist", "pk": 15, "fields": {"track_name": "Highlands Drift", "track": "ks_highlands", "track_config": "layout_drift"}}, {"model": "ac.tracklist", "pk": 16, "fields": {"track_name": "Highlands International", "track": "ks_highlands", "track_config": "layout_int"}}, {"model": "ac.tracklist", "pk": 17, "fields": {"track_name": "Highlands Long", "track": "ks_highlands", "track_config": "layout_long"}}, {"model": "ac.tracklist", "pk": 18, "fields": {"track_name": "Highlands Short", "track": "ks_highlands", "track_config": "layout_short"}}, {"model": "ac.tracklist", "pk": 19, "fields": {"track_name": "Monza1966 Full", "track": "ls_monza66", "track_config": "full"}}, {"model": "ac.tracklist", "pk": 20, "fields": {"track_name": "Monza1966 Junior", "track": "ls_monza66", "track_config": "junior"}}, {"model": "ac.tracklist", "pk": 21, "fields": {"track_name": "Monza1966 Road", "track": "ls_monza66", "track_config": "road"}}, {"model": "ac.tracklist", "pk": 22, "fields": {"track_name": "Nordschleife Endurance", "track": "ks_nordschleife", "track_config": "endurance"}}, {"model": "ac.tracklist", "pk": 23, "fields": {"track_name": "Nordschleife Endurance Cup", "track": "ks_nordschleife", "track_config": "endurance_cup"}}, {"model": "ac.tracklist", "pk": 24, "fields": {"track_name": "Nordschleife Nordschleife", "track": "ks_nordschleife", "track_config": "nordschleife"}}, {"model": "ac.tracklist", "pk": 25, "fields": {"track_name": "Nordschleife Touristenfahrten", "track": "ks_nordschleife", "track_config": "touristenfahrten"}}, {"model": "ac.tracklist", "pk": 26, "fields": {"track_name": "Nurburgring GP A", "track": "ks_nurburgring", "track_config": "layout_gp_a"}}, {"model": "ac.tracklist", "pk": 27, "fields": {"track_name": "Nurburgring GP B", "track": "ks_nurburgring", "track_config": "layout_gp_N"}}, {"model": "ac.tracklist", "pk": 28, "fields": {"track_name": "Nurburgring Sprint A", "track": "ks_nurburgring", "track_config": "layout_sprint_a"}}, {"model": "ac.tracklist", "pk": 29, "fields": {"track_name": "Nurburgring Sprint B", "track": "ks_nurburgring", "track_config": "layout_sprint_b"}}, {"model": "ac.tracklist", "pk": 30, "fields": {"track_name": "RedBullRing GP", "track": "ks_red_bull_ring", "track_config": "layout_gp"}}, {"model": "ac.tracklist", "pk": 31, "fields": {"track_name": "RedBullRing National", "track": "ks_red_bull_ring", "track_config": "layout_national"}}, {"model": "ac.tracklist", "pk": 32, "fields": {"track_name": "Silverstone GP", "track": "ks_silverstone", "track_config": "gp"}}, {"model": "ac.tracklist", "pk": 33, "fields": {"track_name": "Silverstone International", "track": "ks_silverstone", "track_config": "international"}}, {"model": "ac.tracklist", "pk": 34, "fields": {"track_name": "Silverstone National", "track": "ks_silverstone", "track_config": "national"}}, {"model": "ac.tracklist", "pk": 35, "fields": {"track_name": "Silverstone1967", "track": "ks_silverstone1967", "track_config": ""}}, {"model": "ac.tracklist", "pk": 36, "fields": {"track_name": "Vallelunga Classic Circuit", "track": "ks_vallelunga", "track_config": "classic_circuit"}}, {"model": "ac.tracklist", "pk": 37, "fields": {"track_name": "Vallelunga Club Circuit", "track": "ks_vallelunga", "track_config": "club_circuit"}}, {"model": "ac.tracklist", "pk": 38, "fields": {"track_name": "Vallelunga Extended Circuit", "track": "ks_vallelunga", "track_config": "extended_circuit"}}, {"model": "ac.tracklist", "pk": 39, "fields": {"track_name": "Zandvoort", "track": "ks_zandvoort", "track_config": ""}}, {"model": "ac.tracklist", "pk": 40, "fields": {"track_name": "Magione", "track": "magione", "track_config": ""}}, {"model": "ac.tracklist", "pk": 41, "fields": {"track_name": "Monza", "track": "monza", "track_config": ""}}, {"model": "ac.tracklist", "pk": 42, "fields": {"track_name": "Mugello", "track": "mugello", "track_config": ""}}, {"model": "ac.tracklist", "pk": 43, "fields": {"track_name": "Spa", "track": "spa", "track_config": ""}}, {"model": "ac.tracklist", "pk": 44, "fields": {"track_name": "Trento-Bondone", "track": "trento-bondone", "track_config": ""}}, {"model": "ac.tyre", "pk": 1, "fields": {"tyre_name": "ECO", "tyre": "E"}}, {"model": "ac.tyre", "pk": 2, "fields": {"tyre_name": "Hard GP70", "tyre": "H"}}, {"model": "ac.tyre", "pk": 3, "fields": {"tyre_name": "Hard GP86", "tyre": "H"}}, {"model": "ac.tyre", "pk": 4, "fields": {"tyre_name": "Hard Slicks 06s", "tyre": "H"}}, {"model": "ac.tyre", "pk": 5, "fields": {"tyre_name": "Hard Slicks 80s", "tyre": "H"}}, {"model": "ac.tyre", "pk": 6, "fields": {"tyre_name": "Hard Slicks 90s", "tyre": "H"}}, {"model": "ac.tyre", "pk": 7, "fields": {"tyre_name": "Hypercar road", "tyre": "HR"}}, {"model": "ac.tyre", "pk": 8, "fields": {"tyre_name": "Slick Cup", "tyre": "H"}}, {"model": "ac.tyre", "pk": 9, "fields": {"tyre_name": "Slick Hard", "tyre": "H"}}, {"model": "ac.tyre", "pk": 10, "fields": {"tyre_name": "Slicks", "tyre": "H"}}, {"model": "ac.tyre", "pk": 11, "fields": {"tyre_name": "Slicks Hard", "tyre": "H"}}, {"model": "ac.tyre", "pk": 12, "fields": {"tyre_name": "Slicks Hard DTM90s", "tyre": "H"}}, {"model": "ac.tyre", "pk": 13, "fields": {"tyre_name": "Tarmac Hard", "tyre": "H"}}, {"model": "ac.tyre", "pk": 14, "fields": {"tyre_name": "Trofeo H Slicks", "tyre": "H"}}, {"model": "ac.tyre", "pk": 15, "fields": {"tyre_name": "Hypercar Trofeo", "tyre": "I"}}, {"model": "ac.tyre", "pk": 16, "fields": {"tyre_name": "Medium GP86", "tyre": "M"}}, {"model": "ac.tyre", "pk": 17, "fields": {"tyre_name": "Medium Slicks 06s", "tyre": "M"}}, {"model": "ac.tyre", "pk": 18, "fields": {"tyre_name": "Medium Slicks 80s", "tyre": "M"}}, {"model": "ac.tyre", "pk": 19, "fields": {"tyre_name": "Medium Slicks 90s", "tyre": "M"}}, {"model": "ac.tyre", "pk": 20, "fields": {"tyre_name": "Slick Medium", "tyre": "M"}}, {"model": "ac.tyre", "pk": 21, "fields": {"tyre_name": "Slicks Medium", "tyre": "M"}}, {"model": "ac.tyre", "pk": 22, "fields": {"tyre_name": "Slicks Medium DTM90s", "tyre": "M"}}, {"model": "ac.tyre", "pk": 23, "fields": {"tyre_name": "Trofeo M Slicks", "tyre": "M"}}, {"model": "ac.tyre", "pk": 24, "fields": {"tyre_name": "Qualifying GP86", "tyre": "Q"}}, {"model": "ac.tyre", "pk": 25, "fields": {"tyre_name": "Slick SuperHard", "tyre": "SH"}}, {"model": "ac.tyre", "pk": 26, "fields": {"tyre_name": "Semislick", "tyre": "SM"}}, {"model": "ac.tyre", "pk": 27, "fields": {"tyre_name": "Semislicks", "tyre": "SM"}}, {"model": "ac.tyre", "pk": 28, "fields": {"tyre_name": "Slick Soft", "tyre": "S"}}, {"model": "ac.tyre", "pk": 29, "fields": {"tyre_name": "Slicks Soft", "tyre": "S"}}, {"model": "ac.tyre", "pk": 30, "fields": {"tyre_name": "Slicks Soft DTM90s", "tyre": "S"}}, {"model": "ac.tyre", "pk": 31, "fields": {"tyre_name": "Soft GP70", "tyre": "S"}}, {"model": "ac.tyre", "pk": 32, "fields": {"tyre_name": "Soft GP86", "tyre": "S"}}, {"model": "ac.tyre", "pk": 33, "fields": {"tyre_name": "Soft Slicks 06s", "tyre": "S"}}, {"model": "ac.tyre", "pk": 34, "fields": {"tyre_name": "Soft Slicks 80s", "tyre": "S"}}, {"model": "ac.tyre", "pk": 35, "fields": {"tyre_name": "Soft Slicks 90s", "tyre": "S"}}, {"model": "ac.tyre", "pk": 36, "fields": {"tyre_name": "Slick SuperSoft", "tyre": "SS"}}, {"model": "ac.tyre", "pk": 37, "fields": {"tyre_name": "Street", "tyre": "ST"}}, {"model": "ac.tyre", "pk": 38, "fields": {"tyre_name": "Street 90s", "tyre": "SV"}}, {"model": "ac.tyre", "pk": 39, "fields": {"tyre_name": "Street90S", "tyre": "SV"}}, {"model": "ac.tyre", "pk": 40, "fields": {"tyre_name": "Street vintage", "tyre": "SV"}}, {"model": "ac.tyre", "pk": 41, "fields": {"tyre_name": "Vintage GT70", "tyre": "V70"}}, {"model": "ac.tyre", "pk": 42, "fields": {"tyre_name": "Vintage 78", "tyre": "V78"}}, {"model": "ac.tyre", "pk": 43, "fields": {"tyre_name": "Cinturato", "tyre": "V"}}, {"model": "ac.tyre", "pk": 44, "fields": {"tyre_name": "GP54", "tyre": "V"}}, {"model": "ac.tyre", "pk": 45, "fields": {"tyre_name": "GP57", "tyre": "V"}}, {"model": "ac.tyre", "pk": 46, "fields": {"tyre_name": "GP63", "tyre": "V"}}, {"model": "ac.tyre", "pk": 47, "fields": {"tyre_name": "GP67", "tyre": "V"}}, {"model": "ac.tyre", "pk": 48, "fields": {"tyre_name": "GT60", "tyre": "V"}}, {"model": "ac.tyre", "pk": 49, "fields": {"tyre_name": "Pirelli Cinturato", "tyre": "V"}}, {"model": "ac.tyre", "pk": 50, "fields": {"tyre_name": "Street", "tyre": "V"}}, {"model": "ac.tyre", "pk": 51, "fields": {"tyre_name": "Vintage", "tyre": "V"}}, {"model": "ac.tyre", "pk": 52, "fields": {"tyre_name": "Vintage 60s", "tyre": "V"}}, {"model": "ac.weather", "pk": 1, "fields": {"weather_name": "Clear", "weather": "3_clear"}}, {"model": "ac.weather", "pk": 2, "fields": {"weather_name": "Heavy Clouds", "weather": "7_heavy_clouds"}}]